Location,Lat,Lng,Title,URL,Display,Source,Notes,Force,Force URL,Neighbourhood,Neighbourhood URL,Neighbourhood email,Created,ID,ISO 8601 Date
"Abercegir, Machynlleth",52.600268,-3.767513,Abercegir Covid Support Group,https://www.facebook.com/groups/233395261131422/,VISIBLE,facebook group,,Dyfed-Powys Police,http://www.dyfed-powys.police.uk,Machynlleth,https://www.dyfed-powys.police.uk/en/your-area/powys/newtown/machynlleth/,MachynllethNPT@dyfed-powys.pnn.police.uk,15/03/2020 15:48:33,17378c29-e754-44d3-a7f6-cc0c3eb1fc8a,2020-03-15
Aberdulais ,51.681848,-3.775361,Covid-19 Cilfrew and Aberdulais,https://www.facebook.com/groups/covid19cilfrewandaberdulais/,VISIBLE,facebook group,,South Wales Police,https://www.south-wales.police.uk,Aberdulais,https://www.south-wales.police.uk/en/neighbourhood/neath-port-talbot/aberdulais/,,19/03/2020 22:37:33,7f6a74b0-57b8-4cf2-8382-135cf0d8fbad,2020-03-19
Abergavenny,51.825366,-3.019423,Abergavenny Street Monitors,https://www.facebook.com/groups/abergavennystreetmonitors/,VISIBLE,facebook group,,Gwent Police,http://www.gwent.police.uk/,Priory,http://www.gwent.police.uk/nc/my-area/ward/MA/61/,abergavenny@gwent.pnn.police.uk,19/03/2020 16:03:02,9ee9d81a-38ee-463e-bbdf-5784cdfd85ca,2020-03-19
"Abermule , Powys, SY15 6NS ",52.5444779,-3.235731,Abermule Community Centre Outreach,https://www.facebook.com/abermulecommunitycentre,VISIBLE,facebook group,,Dyfed-Powys Police,http://www.dyfed-powys.police.uk,Newtown Rural,https://www.dyfed-powys.police.uk/en/your-area/powys/newtown/newtown-rural/,NewtownRuralNPT@dyfed-powys.pnn.police.uk,25/03/2020 21:47:59,bf84a1b6-df88-494f-84dc-84a7e063eca3,2020-03-25
"Abermule, Powys, SY15 6NS",52.5444779,-3.235731,Abermule Community Centre - Outreach,https://www.abermule.cymru,VISIBLE,website,,Dyfed-Powys Police,http://www.dyfed-powys.police.uk,Newtown Rural,https://www.dyfed-powys.police.uk/en/your-area/powys/newtown/newtown-rural/,NewtownRuralNPT@dyfed-powys.pnn.police.uk,25/03/2020 21:54:11,9f9e46e6-0497-4dc9-8259-3c6bee7b1cdd,2020-03-25
"Aberystwyth, Ceredigion",52.415303,-4.08292,Ceredigion Coronavirus Support,https://www.facebook.com/groups/ceredigioncoronavirussupport/,VISIBLE,facebook group,,Dyfed-Powys Police,http://www.dyfed-powys.police.uk,Aberystwyth Town and University,https://www.dyfed-powys.police.uk/en/your-area/ceredigion/aberystwyth-town-and-university/,AberystwythNPT@dyfed-powys.pnn.police.uk,16/03/2020 11:54:34,f1ab1222-a2f1-467c-9d07-348b39d30993,2020-03-16
"Alltwen, Pontardawe",51.7143029,-3.8435953,Alltwen Covid-19 Community Volunteers,https://www.facebook.com/groups/1098155540582789/,UPDATED,facebook group,,South Wales Police,https://www.south-wales.police.uk,Allt-Wen,https://www.south-wales.police.uk/en/neighbourhood/neath-port-talbot/allt-wen/,,18/03/2020 21:24:23,adb7dcf1-1443-4e80-bb9e-2b2555afbe47,2020-03-18
"Ammanford, South Wales",51.792888,-3.988459,Amman Valley Support for CoronaVirus,https://www.facebook.com/groups/342905956650233/,VISIBLE,facebook group,,Dyfed-Powys Police,http://www.dyfed-powys.police.uk,Amman Towy,https://www.dyfed-powys.police.uk/en/your-area/carmarthenshire/amman-towy/,AmmanTowyNPT@dyfed-powys.pnn.police.uk,22/03/2020 10:49:15,09e283fa-f26f-4c68-89f6-e9b80eeb1f3c,2020-03-22
Amroth Ward (Pembrokeshire),51.740576,-4.662146,Amroth and District Good Neighbours,http://amrothgoodneighbours.wales,VISIBLE,website,,Dyfed-Powys Police,http://www.dyfed-powys.police.uk,Tenby Rural,https://www.dyfed-powys.police.uk/en/your-area/pembrokeshire/tenby-rural/,TenbyNPT@dyfed-powys.pnn.police.uk,27/03/2020 20:12:35,91ed4ee9-978f-4e22-9e51-45399b2bfbcf,2020-03-27
Anglesey,53.265325,-4.4291403,Covid 19 Mutual Aid Môn,https://www.facebook.com/groups/205528177434085/,VISIBLE,facebook group,,North Wales Police,,Bryngwran,https://www.north-wales.police.uk/your-neighbourhood,,15/03/2020 20:31:31,d457be56-e6ee-4451-8943-5716fab841fb,2020-03-15
"Bala, Gwynedd",52.909911,-3.601584,Yr Ymateb Cymuned Penllyn Community Response,https://www.facebook.com/groups/penllynresponse/,VISIBLE,facebook group,,North Wales Police,,Bala,https://www.north-wales.police.uk/your-neighbourhood,,26/03/2020 00:34:43,4915731b-3766-44fd-8122-82a8b04fdb7f,2020-03-26
"Bargoed, cf81 ",51.684912,-3.229699,Bargoed Coronavirus Community Help,https://www.facebook.com/groups/813269219172008/,VISIBLE,facebook group,,Gwent Police,http://www.gwent.police.uk/,Bargoed,http://www.gwent.police.uk/nc/my-area/ward/CB/2/,bargoed@gwent.pnn.police.uk,24/03/2020 10:08:21,5f91a338-5ce2-412b-a5c9-3b91f138a73a,2020-03-24
"Barry Waterfront development, Barry South Wales ",51.3930556,-3.2688889,Barry Waterfront covid19 Community Support ,https://m.facebook.com/groups/2476088765987098,VISIBLE,facebook group,,South Wales Police,https://www.south-wales.police.uk,Baruc,https://www.south-wales.police.uk/en/neighbourhood/vale-of-glamorgan/baruc/,,16/03/2020 23:24:23,e0e98b3e-6edc-408f-a6cc-d233952e4d19,2020-03-16
"Barry, Wales",51.3997529,-3.2825859,Barry Community COVID-19 news and assistance,https://www.facebook.com/groups/barrycommunitycovid19/,VISIBLE,facebook group,,South Wales Police,https://www.south-wales.police.uk,Illtyd,https://www.south-wales.police.uk/en/neighbourhood/vale-of-glamorgan/illtyd/,,15/03/2020 13:39:40,d0d2ee3c-2cee-402f-9b0c-91339c507be1,2020-03-15
"Beaumaris, Anglesey, North Wales",53.265865,-4.09199,Cynllun Tro Da Seiriol Good Turn Scheme,http://www.facebook.com/trodaseiriolgoodturn/,VISIBLE,facebook group,,North Wales Police,,Beaumaris,https://www.north-wales.police.uk/your-neighbourhood,,24/03/2020 14:54:40,24265d51-bf56-4afb-a451-c9965ef86da7,2020-03-24
"Berriew, Powys",52.600386,-3.203718,Berriew Support,https://www.facebook.com/groups/berriewsupport/,VISIBLE,facebook group,,Dyfed-Powys Police,http://www.dyfed-powys.police.uk,Newtown Rural,https://www.dyfed-powys.police.uk/en/your-area/powys/newtown/newtown-rural/,NewtownRuralNPT@dyfed-powys.pnn.police.uk,26/03/2020 15:48:10,f23698b2-19c0-4fc7-b5df-2774c90a57fb,2020-03-26
"Blaenavon, Pontypool, UK",51.772502,-3.085896,Blaenavon Coronovirus Help Group,http://www.facebook.com/groups/561669131115526/,VISIBLE,facebook group,,Gwent Police,http://www.gwent.police.uk/,Blaenavon,http://www.gwent.police.uk/nc/my-area/ward/TP/129/,pontypool@gwent.pnn.police.uk,4/1/2020 14:27:39,c4a62d40-9363-4fbe-a1e2-9104f3acb3d7,
Brecon,51.9489469,-3.391463,Coronavirus Brecon and surrounding areas support group  ,https://www.facebook.com/groups/546009316119695/,VISIBLE,facebook group,,Dyfed-Powys Police,http://www.dyfed-powys.police.uk,Brecon Town,https://www.dyfed-powys.police.uk/en/your-area/powys/brecon/brecon-town/,BreconTownNPT@dyfed-powys.pnn.police.uk,15/03/2020 15:25:22,be7a0fc7-970b-489f-9379-5287c1e8df9a,2020-03-15
Bridgend,51.504286,-3.576945,Stay Connected Telephone Befriending Network,https://www.facebook.com/mhmwales,VISIBLE,facebook group,,South Wales Police,https://www.south-wales.police.uk,Oldcastle,https://www.south-wales.police.uk/en/neighbourhood/bridgend/oldcastle/,,26/03/2020 10:54:21,5332f17f-3651-4576-8477-fd728fbf55af,2020-03-26
"Bridgend CF31, UK",51.5128717,-3.5870424,Bridgend Association of Voluntary Organisations,https://www.facebook.com/bavohub/,VISIBLE,facebook group,,South Wales Police,https://www.south-wales.police.uk,Newcastle,https://www.south-wales.police.uk/en/neighbourhood/bridgend/newcastle/,,4/5/2020 16:12:31,a61ff454-0344-4c1a-93cd-605bb898bf1b,2020-04-05
"Brooks, Berriew, Welshpool, Powys",52.660348,-3.146407,Brooks Coronavirus Support,https://www.facebook.com/groups/brookscommunity/,VISIBLE,facebook group,,Dyfed-Powys Police,http://www.dyfed-powys.police.uk,Welshpool Town,https://www.dyfed-powys.police.uk/en/your-area/powys/welshpool/welshpool-town/,WelshpoolTownNPT@dyfed-powys.pnn.police.uk,17/03/2020 20:14:15,de980ad5-7762-43a4-91cf-b7a6109e30c3,2020-03-17
Bryncoch,51.6831569,-3.8175666,Covid-19 Bryncoch and Caewern ,https://www.facebook.com/groups/2540308379517021/,VISIBLE,facebook group,,South Wales Police,https://www.south-wales.police.uk,Bryn-Coch North,https://www.south-wales.police.uk/en/neighbourhood/neath-port-talbot/bryn-coch-north/,,19/03/2020 22:35:42,c327017d-0626-48f4-8556-fbbd0e2bbfca,2020-03-19
"Bwlchnewydd, Carmarthenshire",51.898003,-4.372818,Mutual Aid Bwlchnewydd Area,https://www.facebook.com/groups/656480578228425/,VISIBLE,facebook group,,Dyfed-Powys Police,http://www.dyfed-powys.police.uk,Carmarthen,https://www.dyfed-powys.police.uk/en/your-area/carmarthenshire/carmarthen/,CarmarthenTownNPT@dyfed-powys.pnn.police.uk,27/03/2020 15:20:12,1bae558d-b85f-4b4d-9e3a-ccfa69b6955b,2020-03-27
"Cae Gwastad, Harlech LL46 2GY, UK",52.8674983,-4.1100209,Help Harlech,https://www.facebook.com/helpharlech/,VISIBLE,facebook group,,North Wales Police,,Harlech,https://www.north-wales.police.uk/your-neighbourhood,,4/4/2020 18:40:35,cf3a73ae-8bd4-4db7-ad5b-aa8c4dde8ef9,
Caerphilly,51.578829,-3.218134,Caerphilly Coronavirus Support,https://www.facebook.com/groups/920287805036004/,VISIBLE,facebook group,,Gwent Police,http://www.gwent.police.uk/,Morgan Jones,http://www.gwent.police.uk/nc/my-area/ward/CC/7/,caerphilly@gwent.pnn.police.uk,18/03/2020 09:58:49,fbec809b-1c9f-4e8b-83f4-2f1f73265e86,2020-03-18
Caersws Powys ,52.5163888,-3.4287484,Caersws & Local Villages Covid 19 Support Group,https://www.facebook.com/groups/870195643393182/,UPDATED,facebook group,,Dyfed-Powys Police,http://www.dyfed-powys.police.uk,Llanidloes,https://www.dyfed-powys.police.uk/en/your-area/powys/newtown/llanidloes/,LlanidloesNPT@dyfed-powys.pnn.police.uk,19/03/2020 22:21:54,c7bf1f1d-c26c-4edf-bf64-04519e7b41cf,2020-03-19
"Caerwent, Caldicot",51.6106852,-2.7647246,Caerwent Community Support Group-COVID19,https://www.faceboook.com/groups/caerwentcovid19,HTTP FAIL,,,,,,,,22/03/2020 21:35:54,faa82de7-8fcc-4c0d-a709-1361ab6951f7,2020-03-22
"Camarthen, Tenby, Pembrokeshire ",51.672035,-4.695308,Carms west & South Pembrokeshire Covid 19 Support group,https://www.facebook.com/groups/231551228021854/,UPDATED,facebook group,,Dyfed-Powys Police,http://www.dyfed-powys.police.uk,Tenby,https://www.dyfed-powys.police.uk/en/your-area/pembrokeshire/tenby/,TenbyNPT@dyfed-powys.pnn.police.uk,15/03/2020 16:34:08,94857227-3a20-404c-9c36-603a78d5f804,2020-03-15
"Canton, Cardiff",51.4790711,-3.2096851,Canton Covid-19 mutual aid group,https://www.facebook.com/groups/2532290837040130/,VISIBLE,facebook group,,South Wales Police,https://www.south-wales.police.uk,Canton,https://www.south-wales.police.uk/en/neighbourhood/cardiff/canton/,,18/03/2020 21:03:26,a23741cf-8057-4f48-a77e-b0f03fe9c458,2020-03-18
Cardiff,51.481581,-3.17909,Cardiff Covid-19 Mutual Aid,https://www.facebook.com/groups/798456330650652,VISIBLE,facebook group,,South Wales Police,https://www.south-wales.police.uk,Cathays,https://www.south-wales.police.uk/en/neighbourhood/cardiff/cathays/,,14/03/2020 16:59:54,29af0cd5-af3d-420c-ac07-50544cf519d6,2020-03-14
Cardiff,51.481581,-3.17909,Penylan / Cyncoed Covid-19 Mutual Aid Group,https://www.facebook.com/groups/685229805549686/,VISIBLE,facebook group,,South Wales Police,https://www.south-wales.police.uk,Cathays,https://www.south-wales.police.uk/en/neighbourhood/cardiff/cathays/,,15/03/2020 17:41:56,ba2636de-e708-4854-8884-6992d6435a5a,2020-03-15
Cardiff,51.481581,-3.17909,Cardiff Area Corona Support,https://www.facebook.com/groups/190344125596745/,VISIBLE,facebook group,,South Wales Police,https://www.south-wales.police.uk,Cathays,https://www.south-wales.police.uk/en/neighbourhood/cardiff/cathays/,,16/03/2020 09:42:39,7276cbe3-78b8-46b6-9a22-990981ff0acf,2020-03-16
Cardiff,51.481581,-3.17909,Newfoundland Road Cardiff,https://www.facebook.com/groups/202098517691472/,VISIBLE,facebook group,,South Wales Police,https://www.south-wales.police.uk,Cathays,https://www.south-wales.police.uk/en/neighbourhood/cardiff/cathays/,,16/03/2020 22:52:20,b4e45f3e-ca6f-4e9f-a14c-dc71cbe9a8d5,2020-03-16
Cardiff,51.481581,-3.17909,Butetown and Bay Covid Mutual Aid,https://www.facebook.com/groups/635718133658805/,VISIBLE,facebook group,,South Wales Police,https://www.south-wales.police.uk,Cathays,https://www.south-wales.police.uk/en/neighbourhood/cardiff/cathays/,,28/03/2020 05:26:18,2a6e55c2-48c5-4219-9ab3-89dfbbf65ec4,2020-03-28
Cardiff - Penylan,51.502042,-3.162457,Penylan Covid-19 Community Support,https://www.facebook.com/groups/207574297320020/,VISIBLE,facebook group,,South Wales Police,https://www.south-wales.police.uk,Penylan,https://www.south-wales.police.uk/en/neighbourhood/cardiff/penylan/,,19/03/2020 19:20:04,5477e71b-18a4-460a-a421-62f4041eb7f5,2020-03-19
Cardiff - Roath/ Cathays/ Gabalfa/ Heath,51.5018224,-3.1951155,Roath/ Cathays/ Gabalfa/ Heath COVID-19 Area Group,https://m.facebook.com/groups/251990475816496,VISIBLE,facebook group,,South Wales Police,https://www.south-wales.police.uk,Gabalfa,https://www.south-wales.police.uk/en/neighbourhood/cardiff/gabalfa/,,15/03/2020 15:11:10,81f9902a-8f46-44e7-b0ec-715d4b912a81,2020-03-15
Cardiff and Vale of Glamorgan ,51.4528396,-3.1895313,Community Payback,https://www.wales.probationservices.co.uk,VISIBLE,website,,South Wales Police,https://www.south-wales.police.uk,Grangetown,https://www.south-wales.police.uk/en/neighbourhood/cardiff/grangetown/,,24/03/2020 11:26:19,ccc9a700-ca55-40d6-a98a-a0d5f6387194,2020-03-24
Cardiff Marina,51.4478694,-3.1846032,Victoria Wharf Volunteers,https://www.facebook.com/groups/victoriawharfcardiff,VISIBLE,facebook group,,South Wales Police,https://www.south-wales.police.uk,Grangetown,https://www.south-wales.police.uk/en/neighbourhood/cardiff/grangetown/,,15/03/2020 15:55:18,552bd4e3-4a05-424c-80e8-5a352505d6e0,2020-03-15
Cardiff West,51.486,-3.214,Ely and Caerau Covid-19 Support,https://www.facebook.com/groups/1036654390037535,VISIBLE,facebook group,,South Wales Police,https://www.south-wales.police.uk,Canton,https://www.south-wales.police.uk/en/neighbourhood/cardiff/canton/,,16/03/2020 11:51:16,0783f59d-d203-48ac-8451-d32a64914752,2020-03-16
"Cardiff, UK",51.481581,-3.17909,Corona Virus - South Wales Resilience Group ,https://www.facebook.com/groups/southwalescommunity/,VISIBLE,facebook group,,South Wales Police,https://www.south-wales.police.uk,Cathays,https://www.south-wales.police.uk/en/neighbourhood/cardiff/cathays/,,4/2/2020 14:08:35,f4d3c261-4d8c-46b6-b529-4f402cce3bfd,
"Cardiff, Wales",51.481581,-3.17909,Cardiff Covid-19 Mutual Aid Network,https://www.facebook.com/groups/505064553776232/,UPDATED,facebook group,,South Wales Police,https://www.south-wales.police.uk,Cathays,https://www.south-wales.police.uk/en/neighbourhood/cardiff/cathays/,,15/03/2020 17:07:24,48b7098f-158d-4dec-8a15-3f5e167f9996,2020-03-15
Cardigan,52.083703,-4.660864,Cardigan - Corona Virus Help,https://m.facebook.com/groups/496385217937980,VISIBLE,facebook group,,Dyfed-Powys Police,http://www.dyfed-powys.police.uk,Cardigan Town,https://www.dyfed-powys.police.uk/en/your-area/ceredigion/cardigan-town/,CardiganNPT@dyfed-powys.pnn.police.uk,23/03/2020 08:17:56,91202cb7-87be-4454-aae5-eb9554e3452d,2020-03-23
Carmarthenshire,51.8572309,-4.3115959,Grwp Cyd-Cymorth Sir Gar | Sir Gar Mutual Aid Group,https://www.facebook.com/groups/221955192513263/,VISIBLE,facebook group,,Dyfed-Powys Police,http://www.dyfed-powys.police.uk,Carmarthen,https://www.dyfed-powys.police.uk/en/your-area/carmarthenshire/carmarthen/,CarmarthenTownNPT@dyfed-powys.pnn.police.uk,17/03/2020 15:09:14,90625a7d-1195-44f1-ad58-65c7ac0193ea,2020-03-17
Carmarthenshire ,51.8572309,-4.3115959,Carmarthenshire covid-19 support group,https://m.facebook.com/groups/827580067719862/,VISIBLE,facebook group,,Dyfed-Powys Police,http://www.dyfed-powys.police.uk,Carmarthen,https://www.dyfed-powys.police.uk/en/your-area/carmarthenshire/carmarthen/,CarmarthenTownNPT@dyfed-powys.pnn.police.uk,17/03/2020 08:40:37,cd4a1e6e-7132-4090-9651-e4bb17a8c3ef,2020-03-17
Ceredigion,52.2191429,-3.9321256,Ceredigion Coronavirus Support,https://www.facebook.com/groups/ceredigioncoronavirussupport/,VISIBLE,facebook group,,Dyfed-Powys Police,http://www.dyfed-powys.police.uk,Tregaron,https://www.dyfed-powys.police.uk/en/your-area/ceredigion/tregaron/,LampeterNPT@dyfed-powys.pnn.police.uk,16/03/2020 13:26:10,d49e168f-a6fc-4d44-b4c8-27da1b3fa6cc,2020-03-16
CF71 7DP,51.44183,-3.4116754,St Hilary (Wales) Community Coronavirus Support,http://www.sthilary.org.uk/,VISIBLE,website,,South Wales Police,https://www.south-wales.police.uk,Cowbridge,https://www.south-wales.police.uk/en/neighbourhood/vale-of-glamorgan/cowbridge/,,22/03/2020 12:42:26,80c8d43b-a484-44d2-865a-c72034a49489,2020-03-22
Chepstow,51.641856,-2.673804,Chepstow Covid 19 helping group ,https://www.facebook.com/groups/543155922970484/,UPDATED,facebook group,,Gwent Police,http://www.gwent.police.uk/,St Mary's,http://www.gwent.police.uk/nc/my-area/ward/ML/69/,lowerwye@gwent.pnn.police.uk,22/03/2020 01:04:42,9872b05f-37bd-4699-8034-051cabf234c0,2020-03-22
"Chirk, Wrexham",52.9322792,-3.0567818,Chirk Coronavirus Support,https://www.facebook.com/chirkcoronavirussupport/,VISIBLE,facebook group,,North Wales Police,,Chirk South,https://www.north-wales.police.uk/your-neighbourhood,,17/03/2020 13:53:16,eb3c36d6-840b-46b3-b447-e0522d6477e0,2020-03-17
Cimla,51.6529998,-3.7811149,Cimla Covid-19 Support Group,https://m.facebook.com/groups/198095591510088,VISIBLE,facebook group,,South Wales Police,https://www.south-wales.police.uk,Cimla,https://www.south-wales.police.uk/en/neighbourhood/neath-port-talbot/cimla/,,17/03/2020 13:24:46,091aaed7-9407-4aca-be20-c74f97b56a10,2020-03-17
Colwyn Bay,53.293182,-3.72764,Colwyn Bay Covid-19 Action Network,https://www.facebook.com/groups/2505072983068360/,VISIBLE,facebook group,,North Wales Police,,Glyn,https://www.north-wales.police.uk/your-neighbourhood,,16/03/2020 16:36:18,6a205d10-eb63-48ae-8a43-09af027da8eb,2020-03-16
"Cwmbran, UK",51.6496546,-3.0317889,Councillor Elizabeth Haynes ,https://m.facebook.com/groups/692362157447373,VISIBLE,facebook group,,Gwent Police,http://www.gwent.police.uk/,St Dials,http://www.gwent.police.uk/nc/my-area/ward/TC/125/,cwmbran@gwent.pnn.police.uk,4/2/2020 12:18:10,99f7f2db-a61f-4347-ab32-7dea6ff2ea76,
"Cwmbran, UK",51.6496546,-3.0317889,Greenmeadow/fairwater covid-19 group,https://www.facebook.com/greenmeadow/fairwatercovid-19groupduscusdion,VISIBLE,facebook group,,Gwent Police,http://www.gwent.police.uk/,St Dials,http://www.gwent.police.uk/nc/my-area/ward/TC/125/,cwmbran@gwent.pnn.police.uk,4/4/2020 9:40:54,2c52416a-75ec-4965-a548-77451400d286,
"Deiniolen, Gwynedd",53.148079,-4.130075,Grŵp Cymorth Covid-19 Aid Group - Ardal Deiniolen Area,https://www.facebook.com/groups/2746564232063847/,VISIBLE,facebook group,,North Wales Police,,Deiniolen,https://www.north-wales.police.uk/your-neighbourhood,,17/03/2020 20:52:46,af566107-5748-4a57-b409-ee71c7c78ae0,2020-03-17
"Deri, Caerphilly, South Wales",51.70726,-3.264148,Deri and Groesfaen Good Neighbours Group,https://www.facebook.com/groups/206853197314591/,VISIBLE,facebook group,,Gwent Police,http://www.gwent.police.uk/,Darren Valley,http://www.gwent.police.uk/nc/my-area/ward/CR/18/,rhymney@gwent.pnn.police.uk,17/03/2020 12:23:23,5b63a029-75ad-49ef-9319-8d671e7f66fe,2020-03-17
Devauden Monmouthsire,51.6860039,-2.7478379,Devauden Coronavirus Support Group,http://www.devauden.org.uk/covid-19.html,VISIBLE,website,,Gwent Police,http://www.gwent.police.uk/,Devauden,http://www.gwent.police.uk/nc/my-area/ward/ML/63/,lowerwye@gwent.pnn.police.uk,24/03/2020 09:07:07,6df0ede6-a1cf-4607-bc68-d5a4bcc5f5aa,2020-03-24
Dinas Mawddwy & Dolgellau,52.74215,-3.8844,Cymorth Corona Ardal Dolgellau a Dinas Mawddwy Corona Help Group,https://www.facebook.com/groups/191075669001543/,VISIBLE,facebook group,,North Wales Police,,Dolgellau South,https://www.north-wales.police.uk/your-neighbourhood,,21/03/2020 15:57:40,bb50b0d1-2c58-4b88-831a-69941694b40d,2020-03-21
Dolwyddelan ,53.053941,-3.886577,Dolwyddelan Covid-19 Mutual Aid Volunteers,https://www.dolwyddelancc.org.uk/en/home.html,VISIBLE,website,,North Wales Police,,Betws-y-Coed,https://www.north-wales.police.uk/your-neighbourhood,,24/03/2020 11:44:56,1a7acabb-7b5a-499a-83f5-1b33d91d4b59,2020-03-24
"Dulais Valley, Neath, South Wales, Uk",51.7360654,-3.750867,Dulais Valley covid 19 support group,https://m.facebook.com/groups/566248827431071,VISIBLE,facebook group,,South Wales Police,https://www.south-wales.police.uk,Crynant,https://www.south-wales.police.uk/en/neighbourhood/neath-port-talbot/crynant/,,16/03/2020 19:47:16,f001c97c-4ef2-424d-a826-3282ccc4eea7,2020-03-16
Dyffryn ARDUDWY  LL442DH ,52.7890083,-4.0962247,Plan C Dyffryn Ardudwy + Talybont,https://www.facebook.com/groups/252338849118563/,VISIBLE,facebook group,,North Wales Police,,Dyffryn Ardudwy,https://www.north-wales.police.uk/your-neighbourhood,,21/03/2020 09:32:33,860faeae-cf08-4694-a5cb-1723b64fd778,2020-03-21
"Ebbw Vale, Blaenau Gwent",51.777532,-3.206151,Ebbw Vale Covid-19 Mutual Aid,https://www.facebook.com/groups/568907553718792/,VISIBLE,facebook group,,Gwent Police,http://www.gwent.police.uk/,Ebbw Vale South,http://www.gwent.police.uk/nc/my-area/ward/GE/45/,ebbwvale@gwent.pnn.police.uk,17/03/2020 00:56:03,cba24670-bc47-4356-816c-3b1e0c4c0d2b,2020-03-17
Efail Isaf,51.551748,-3.318509,Efail Isaf Covid-19 support network ,https://www.facebook.com/groups/235868693655644/,VISIBLE,facebook group,,South Wales Police,https://www.south-wales.police.uk,Llantwit Fardre,https://www.south-wales.police.uk/en/neighbourhood/rhondda-cynon-taf/llantwit-fardre/,,18/03/2020 21:01:10,dddf9bc4-ccba-4bc9-b5e0-205d10950ab9,2020-03-18
Fishguard ,51.993927,-4.975989,Mutual Aid Fishguard ,https://www.facebook.com/groups/874344719674197/,VISIBLE,facebook group,,Dyfed-Powys Police,http://www.dyfed-powys.police.uk,Fishguard,https://www.dyfed-powys.police.uk/en/your-area/pembrokeshire/fishguard/,FishguardNPT@dyfed-powys.pnn.police.uk,19/03/2020 16:54:09,99aada31-03e1-4e90-9a9f-ad9f85b33174,2020-03-19
Flintshire ,53.1668658,-3.1418908,Flintshire corona virus,https://www.facebook.com/groups/1188575248200787/,VISIBLE,facebook group,,North Wales Police,,Mold Broncoed,https://www.north-wales.police.uk/your-neighbourhood,,16/03/2020 15:41:19,59b7fa72-94c2-4d69-bb31-ae84dddbebb5,2020-03-16
Flintshire ,53.1668658,-3.1418908,Trelogan,https://m.facebook.com/groups/101100653311817,VISIBLE,facebook group,,North Wales Police,,Mold Broncoed,https://www.north-wales.police.uk/your-neighbourhood,,22/03/2020 18:01:36,0156e000-e29e-401a-a645-7ba874d14905,2020-03-22
Flintshire North Wales,53.1668658,-3.1418908,Covid 19 Mutual aid Flintshire,https://www.facebook.com/groups/194046398591017/,VISIBLE,facebook group,,North Wales Police,,Mold Broncoed,https://www.north-wales.police.uk/your-neighbourhood,,17/03/2020 07:18:24,bcbec064-f661-4807-beea-f0994cbf9a5d,2020-03-17
Glyncoch CF37 3DA,51.6227917,-3.3364726,Glyncoch Covid19 community support group,https://www.facebook.com/groups/2567769563490521/,VISIBLE,facebook group,,South Wales Police,https://www.south-wales.police.uk,Glyncoch,https://www.south-wales.police.uk/en/neighbourhood/rhondda-cynon-taf/glyncoch/,,26/03/2020 14:09:09,308b6356-7ba9-454a-9f9b-5361abde6fae,2020-03-26
"Goodwick, Pembrokeshire",52.004502,-4.996011,Goodwick Mutual Aid Group,https://www.facebook.com/groups/249992116163040/,VISIBLE,facebook group,,Dyfed-Powys Police,http://www.dyfed-powys.police.uk,Fishguard,https://www.dyfed-powys.police.uk/en/your-area/pembrokeshire/fishguard/,FishguardNPT@dyfed-powys.pnn.police.uk,17/03/2020 10:12:43,91686920-41bc-464a-9a68-af982e6d56b3,2020-03-17
"Gower, Swansea ",51.5966706,-4.1698781,We are Gower COVID-19 Mutual Aid & Community Page ,https://www.facebook.com/groups/509317506645726/,VISIBLE,facebook group,,South Wales Police,https://www.south-wales.police.uk,Gower,https://www.south-wales.police.uk/en/neighbourhood/swansea/gower/,,16/03/2020 07:31:29,8d331e19-eca7-41e2-b4ef-a2c92da53b7b,2020-03-16
"Gower, Swansea ",51.5966706,-4.1698781,Gower Support Group - Francesca O’Brien ,https://www.facebook.com/groups/200096814588785/,VISIBLE,facebook group,,South Wales Police,https://www.south-wales.police.uk,Gower,https://www.south-wales.police.uk/en/neighbourhood/swansea/gower/,,22/03/2020 08:46:32,c4aa7d1c-ddd3-4edb-8fbc-d7a1a19a3bad,2020-03-22
"Grosmont, Wales",51.912533,-2.8673989,"Working Together, Grosmont",https://grosmont.wales/,VISIBLE,website,,Gwent Police,http://www.gwent.police.uk/,Crucorney,http://www.gwent.police.uk/nc/my-area/ward/MA/53/,abergavenny@gwent.pnn.police.uk,22/03/2020 13:57:25,0728c837-6287-4842-bbbb-41af9cf15252,2020-03-22
"Haverfordwest, Pembrokeshire",51.800475,-4.971319,Haverhelp During Coronavirus,https://www.facebook.com/groups/844894585984572/,VISIBLE,facebook group,,Dyfed-Powys Police,http://www.dyfed-powys.police.uk,Haverfordwest,https://www.dyfed-powys.police.uk/en/your-area/pembrokeshire/haverfordwest/,HaverfordwestNPT@dyfed-powys.pnn.police.uk,26/03/2020 13:53:47,94ea9617-8275-4eb9-8467-063d06c6138c,2020-03-26
"Henllys, Cwmbran, South Wales",51.6363529,-3.0595134,Henllys COVID-19,https://www.facebook.com/groups/807440326429406/,VISIBLE,facebook group,,Gwent Police,http://www.gwent.police.uk/,Two Locks,http://www.gwent.police.uk/nc/my-area/ward/TC/126/,cwmbran@gwent.pnn.police.uk,21/03/2020 11:10:14,fda655ec-0644-475a-9b21-88943fd3f9b4,2020-03-21
Holywell,53.276009,-3.225103,Holywell Coronavirus Support ,https://www.facebook.com/groups/215409109820854/,VISIBLE,facebook group,,North Wales Police,,Holywell Central,https://www.north-wales.police.uk/your-neighbourhood,,23/03/2020 15:27:50,2fece45a-e797-482d-b026-de317d381cb3,2020-03-23
"Hope, Caergwrle, Abermorddu, Cefn y Bedd, Flintshire ",53.104455,-3.033518,Hope-Caergwrle-Abermorddu-Cefn y Bedd Mutual Aid Group,https://www.facebook.com/groups/2425022358/,VISIBLE,facebook group,,North Wales Police,,Caergwrle,https://www.north-wales.police.uk/your-neighbourhood,,16/03/2020 07:46:03,9c45cbb0-ebb3-47e8-9a98-53898cb17861,2020-03-16
"Keeston, Pembrokeshire",51.8343579,-5.048172,Keeston Mutual Aid Group,https://www.facebook.com/groups/236700560819521/,VISIBLE,facebook group,,Dyfed-Powys Police,http://www.dyfed-powys.police.uk,Haverfordwest Rural,https://www.dyfed-powys.police.uk/en/your-area/pembrokeshire/haverfordwest-rural/,HaverfordwestNPT@dyfed-powys.pnn.police.uk,18/03/2020 08:09:59,13034949-c618-4bc7-9aee-a7276c979c2a,2020-03-18
"Kidwelly, UK",51.736261,-4.3074709,Crisial Davies,https://m.facebook.com/groups/2308489282784675,VISIBLE,facebook group,,Dyfed-Powys Police,http://www.dyfed-powys.police.uk,Llanelli Rural,https://www.dyfed-powys.police.uk/en/your-area/carmarthenshire/llanelli-rural/,LlanelliRuralNPT@Dyfed-powys.pnn.police.uk,4/4/2020 5:49:54,8ba8ba46-394c-4a30-bbae-b5f585bf705b,
Lampeter,52.112903,-4.078509,Lampeter Corona Virus Support Group COVID 19,https://www.facebook.com/groups/710463783094284/,VISIBLE,facebook group,,Dyfed-Powys Police,http://www.dyfed-powys.police.uk,Lampeter,https://www.dyfed-powys.police.uk/en/your-area/ceredigion/lampeter/,LampeterNPT@dyfed-powys.pnn.police.uk,16/03/2020 00:24:29,42686eae-6cf3-4e19-a740-a6a09e20afae,2020-03-16
LD8 2NW,52.2765714,-3.0593774,Discoed Covid-19 support group,https://www.facebook.com/groups/832092763952188/,VISIBLE,facebook group,,Dyfed-Powys Police,http://www.dyfed-powys.police.uk,Knighton,https://www.dyfed-powys.police.uk/en/your-area/powys/llandrindod-wells/knighton/,KnightonNPT@dyfed-powys.pnn.police.uk,18/03/2020 14:28:57,094f0245-15d7-482c-ad46-e5f4600e7ce1,2020-03-18
"Llanbedr, Gwynedd",52.8197179,-4.101435,Cymuned Llanbedr Community Eryri-Snowdonia,https://www.facebook.com/llanbedr/,VISIBLE,facebook group,,North Wales Police,,Llanbedr,https://www.north-wales.police.uk/your-neighbourhood,,24/03/2020 11:18:38,22d9ead9-1803-481a-8103-4248fdad6844,2020-03-24
Llanbrynmair ,52.6120696,-3.627605,Llanbrynmair Corona community response group,https://www.facebook.com/groups/1249103548633011/,VISIBLE,facebook group,,Dyfed-Powys Police,http://www.dyfed-powys.police.uk,Machynlleth,https://www.dyfed-powys.police.uk/en/your-area/powys/newtown/machynlleth/,MachynllethNPT@dyfed-powys.pnn.police.uk,16/03/2020 16:12:11,95b66ef5-d363-47df-9534-8b4a17c47b27,2020-03-16
Llandaff,51.4944589,-3.2239582,Llandaff Covid-19 Assistance,https://www.facebook.com/groups/235091941000376/about/,VISIBLE,facebook group,,South Wales Police,https://www.south-wales.police.uk,Llandaff,https://www.south-wales.police.uk/en/neighbourhood/cardiff/llandaff/,,16/03/2020 11:00:48,a8604ba4-06dd-41c1-acc0-a68c69d36d8c,2020-03-16
Llandeilo,51.88469,-3.99143,Llandeilo Covid-19 Community Support Group,https://www.facebook.com/groups/196451478462428/,VISIBLE,facebook group,,Dyfed-Powys Police,http://www.dyfed-powys.police.uk,Amman Towy,https://www.dyfed-powys.police.uk/en/your-area/carmarthenshire/amman-towy/,AmmanTowyNPT@dyfed-powys.pnn.police.uk,24/03/2020 16:46:42,656d7f56-875c-4dcd-b055-fa95578e573d,2020-03-24
"Llandogo, wye valley",51.733717,-2.6874798,Llandogo covid-19 mutual aid ,https://www.facebook.com/groups/639477593560528/,VISIBLE,facebook group,,Gwent Police,http://www.gwent.police.uk/,Trellech United,http://www.gwent.police.uk/nc/my-area/ward/MM/76/,monmouth@gwent.pnn.police.uk,25/03/2020 12:17:18,67cdf200-5461-4100-acb0-d9cf892e5fed,2020-03-25
"Llandough, Vale of Glamorgan",51.454881,-3.198786,Llandough Covid-19 Mutual Aid Group,https://www.facebook.com/groups/216736309441390/,VISIBLE,facebook group,,South Wales Police,https://www.south-wales.police.uk,Llandough,https://www.south-wales.police.uk/en/neighbourhood/vale-of-glamorgan/llandough/,,16/03/2020 00:34:41,aebbe695-7e5b-4b74-88d2-a097d2234095,2020-03-16
Llandrindod Wells,52.2417,-3.377742,Llandrindod Community Covid 19 Support,https://www.facebook.com/groups/204963444151360/,VISIBLE,facebook group,,Dyfed-Powys Police,http://www.dyfed-powys.police.uk,Llandrindod Town,https://www.dyfed-powys.police.uk/en/your-area/powys/llandrindod-wells/llandrindod-town/,LlandrindodTownNPT@dyfed-powys.pnn.police.uk,15/03/2020 12:21:05,ea0ee763-2610-4e2b-bfea-9375af6d40b6,2020-03-15
Llandudno,53.324061,-3.827609,Llandudno Covid-19 Action Network,https://www.facebook.com/groups/227054078418261/members/,VISIBLE,facebook group,,North Wales Police,,Mostyn,https://www.north-wales.police.uk/your-neighbourhood,,19/03/2020 00:50:39,4983dcb6-75fd-4d8f-921b-facf52ada3bc,2020-03-19
Llanelli,51.680886,-4.160248,Coronavirus Llanelli Support ,https://www.facebook.com/groups/299913577639565/,UPDATED,facebook group,,Dyfed-Powys Police,http://www.dyfed-powys.police.uk,Llanelli Town,https://www.dyfed-powys.police.uk/en/your-area/carmarthenshire/llanelli-town/,LlanelliTownNPT@dyfed-powys.pnn.police.uk,16/03/2020 11:54:02,0d5ebc08-9a6e-4242-8c4f-7e54e3e1fd3e,2020-03-16
"Llanfrothen, Gwynedd",52.951762,-4.051456,Y Garreg Groceries and Errands Hub,https://www.facebook.com/ygarreg/,VISIBLE,facebook group,,North Wales Police,,Penrhyndeudraeth,https://www.north-wales.police.uk/your-neighbourhood,,24/03/2020 13:13:33,6205e51b-e59d-4aae-beb4-bb3396c063fb,2020-03-24
Llangammarch,52.112489,-3.5553171,Llangammarch Community,https://nextdoor.co.uk/news_feed/,VISIBLE,nextdoor community,,Dyfed-Powys Police,http://www.dyfed-powys.police.uk,Llanwrtyd,https://www.dyfed-powys.police.uk/en/your-area/powys/llandrindod-wells/llanwrtyd/,LlanwrtydNPT@dyfed-powys.pnn.police.uk,20/03/2020 19:27:17,a07e6090-5863-4144-8190-4490d93db22c,2020-03-20
"Llanidloes, Powys",52.447794,-3.540195,Llanidloes COVID-19 Support Group,https://www.facebook.com/groups/228361681637895/,VISIBLE,facebook group,,Dyfed-Powys Police,http://www.dyfed-powys.police.uk,Llanidloes,https://www.dyfed-powys.police.uk/en/your-area/powys/newtown/llanidloes/,LlanidloesNPT@dyfed-powys.pnn.police.uk,16/03/2020 13:06:50,cc934f5e-1db2-4e55-8987-646cefdb7fc4,2020-03-16
Llanrhystud Ceredigion,52.305416,-4.144563,Llanrhystud Corona Virus Support,https://www.facebook.com/groups/2756775227769091/,VISIBLE,facebook group,,Dyfed-Powys Police,http://www.dyfed-powys.police.uk,Aberystwyth Rural South,https://www.dyfed-powys.police.uk/en/your-area/ceredigion/aberystwyth-rural-south/,AberystwythNPT@dyfed-powys.pnn.police.uk,22/03/2020 21:40:13,8f7977b6-259c-4d5f-b7d8-10ea3e1ca589,2020-03-22
Llansilin Powys ,52.8458558,-3.1755584,Llansillin Community Volunteers ,https://www.facebook.com/groups/609619539622604/,VISIBLE,facebook group,,Dyfed-Powys Police,http://www.dyfed-powys.police.uk,Llanfyllin,https://www.dyfed-powys.police.uk/en/your-area/powys/welshpool/llanfyllin/,LlanfyllinNPT@dyfed-powys.pnn.police.uk,22/03/2020 09:37:33,cff5c69f-147e-4479-ba67-81dcf9e2c010,2020-03-22
"Llanwyddelan, Adfa, Cefn Coch, Llanllugan",52.5978402,-3.3901182,HIlltop Helpers,https://www.facebook.com/search/posts/,NOT GROUP,facebook group,,Dyfed-Powys Police,http://www.dyfed-powys.police.uk,Newtown Rural,https://www.dyfed-powys.police.uk/en/your-area/powys/newtown/newtown-rural/,NewtownRuralNPT@dyfed-powys.pnn.police.uk,20/03/2020 17:14:27,510b9486-50e9-44bd-af56-cc4d03ce10f8,2020-03-20
"Llanymynech, SY22https",52.7813159,-3.09031,Llanymynech Covid 19 Support Group,https://www.facebook.com/groups/207094913840556/,VISIBLE,facebook group,,Dyfed-Powys Police,http://www.dyfed-powys.police.uk,Welshpool Rural,https://www.dyfed-powys.police.uk/en/your-area/powys/welshpool/welshpool-rural/,WelshpoolRuralNPT@dyfed-powys.pnn.police.uk,16/03/2020 20:31:09,00f883e6-e9ec-4cb6-b094-a7b32e5cefb6,2020-03-16
"Machynlleth, Powys",52.590273,-3.853485, Machynlleth Corona Community Response,https://www.facebook.com/machcoronaresponse/,VISIBLE,facebook group,,Dyfed-Powys Police,http://www.dyfed-powys.police.uk,Machynlleth,https://www.dyfed-powys.police.uk/en/your-area/powys/newtown/machynlleth/,MachynllethNPT@dyfed-powys.pnn.police.uk,15/03/2020 15:34:32,7d740a72-cd10-4ee0-a4d4-996d43c9fcb2,2020-03-15
Magor and Undy,51.5815849,-2.829734,Magor and Undy Covid 19 community support,https://www.facebook.com/groups/514505086140350/,VISIBLE,facebook group,,Gwent Police,http://www.gwent.police.uk/,Mill,http://www.gwent.police.uk/nc/my-area/ward/MS/82/,severnside@gwent.pnn.police.uk,15/03/2020 22:09:15,7a731cc2-d43e-4ba5-97ef-835c09e4ae20,2020-03-15
"Marchog Ward, Bangor",53.22739,-4.129263,Maes G Corona Virus Support Group (Marchog),https://www.facebook.com/maes-g-corona-virus-support-group-166216060559730,VISIBLE,facebook group,,North Wales Police,,Garth,https://www.north-wales.police.uk/your-neighbourhood,,19/03/2020 19:19:08,39888c3e-d7dc-4713-ab80-10636bdab8d5,2020-03-19
"Marloes, Pembrokeshire",51.731548,-5.197859,Marloes & St Brides Covid-19 Support Group,https://api.whatsapp.com/send,URL BROKEN,website,Broken whatsapp link,,,,,,18/03/2020 18:46:49,c27c3ac1-5d29-4254-bda0-b839ecf2538e,2020-03-18
"Marloes, Pwmbrokeshire",51.731548,-5.197859,Marloes & St Brides Support,https://m.facebook.com/etruelove85,NOT GROUP,facebook group,,,,,,,18/03/2020 18:10:23,45a73e57-8fa3-4b2a-a2fa-6638bcb71a1f,2020-03-18
"Melbourne Road & Georgian Way, Llanishen, Cardiff, UK, CF14 5NH ",51.5292747,-3.1839772,Melbourne & Georgian Mutual Aid Group,https://www.facebook.com/groups/2473944462936303/,VISIBLE,facebook group,,South Wales Police,https://www.south-wales.police.uk,Llanishen,https://www.south-wales.police.uk/en/neighbourhood/cardiff/llanishen/,,18/03/2020 22:56:38,242cceb7-777f-43b5-8a8d-e49f886f992c,2020-03-18
"Melin area of Neath, Neath Port Talbot",51.6503611,-3.813692,Melin Covid-19 Support Group,https://www.facebook.com/groups/210846583484922/,VISIBLE,facebook group,,South Wales Police,https://www.south-wales.police.uk,Neath East,https://www.south-wales.police.uk/en/neighbourhood/neath-port-talbot/neath-east/,,22/03/2020 23:41:48,43085f1b-63fa-463c-b619-ad94564e67f6,2020-03-22
"Merches Gardens, Cardiff CF11 6RE, UK",51.4740745,-3.1848843,Grangetown Community Volunteers,http://www.grangetowncardiff.co.uk,VISIBLE,website,,South Wales Police,https://www.south-wales.police.uk,Grangetown,https://www.south-wales.police.uk/en/neighbourhood/cardiff/grangetown/,,4/2/2020 9:33:09,4513cbe4-bc4f-466a-90ee-f278ceb51fe1,
Merthyr Tydfil,51.74873,-3.381646,Merthyr Covid-19 Mutual Aid Network,https://m.facebook.com/story.php,URL BROKEN,facebook group,,South Wales Police,https://www.south-wales.police.uk,Park,https://www.south-wales.police.uk/en/neighbourhood/merthyr-tydfil/park/,,16/03/2020 12:02:40,e4137205-01ec-4396-99de-c585b94089f1,2020-03-16
Miskin Pontyclun RCT,51.519734,-3.376597,Miskin Community Friends,https://www.facebook.com/groups/606150183563118/,VISIBLE,facebook group,,South Wales Police,https://www.south-wales.police.uk,Pont-y-Clun,https://www.south-wales.police.uk/en/neighbourhood/rhondda-cynon-taf/pont-y-clun/,,23/03/2020 19:21:57,754f3cc0-f3c0-4d80-a1e3-906511d984cc,2020-03-23
Monmouth,51.8116533,-2.7163045,Monmouth Self Isolation Support,https://www.facebook.com/groups/928145774269826/,UPDATED,facebook group,,Gwent Police,http://www.gwent.police.uk/,Drybridge,http://www.gwent.police.uk/nc/my-area/ward/MM/72/,monmouth@gwent.pnn.police.uk,22/03/2020 00:41:50,9c729095-5ec3-4799-b9ea-3b35f8e65781,2020-03-22
Narberth Pembrokeshire Wales,51.799763,-4.744008,Covid-19 Mutual Aid Pembrokeshire,https://www.facebook.com/groups/201405821115376/,VISIBLE,facebook group,,Dyfed-Powys Police,http://www.dyfed-powys.police.uk,Narberth,https://www.dyfed-powys.police.uk/en/your-area/pembrokeshire/narberth/,TenbyNPT@dyfed-powys.pnn.police.uk,16/03/2020 19:54:00,02aae29c-f17e-4cce-b10e-a01fbd155b5b,2020-03-16
Neath,51.656991,-3.805476,Covid 19 Neath & Skewen Support Group,https://www.facebook.com/groups/222051098944405/,VISIBLE,facebook group,,South Wales Police,https://www.south-wales.police.uk,Neath East,https://www.south-wales.police.uk/en/neighbourhood/neath-port-talbot/neath-east/,,16/03/2020 20:00:39,d631b4bc-b58c-456f-9ca7-81e8ab38938d,2020-03-16
Neath,51.656991,-3.805476,St Joseph's R C Parish community support,https://m.facebook.com/groups/209998053550815/,VISIBLE,facebook group,,South Wales Police,https://www.south-wales.police.uk,Neath East,https://www.south-wales.police.uk/en/neighbourhood/neath-port-talbot/neath-east/,,18/03/2020 18:50:48,e88a6c3c-f9ee-42e7-be46-875513b28e9c,2020-03-18
Neath North,51.66146,-3.80718,Neath North Residents Covid-19 Support Group,https://www.facebook.com/groups/448708435776204/,VISIBLE,facebook group,,South Wales Police,https://www.south-wales.police.uk,Neath North,https://www.south-wales.police.uk/en/neighbourhood/neath-port-talbot/neath-north/,,23/03/2020 18:16:36,5b729aa3-d242-4f41-b7d6-3b74aa8777a1,2020-03-23
"New Inn, Pontypool, UK",51.690116,-3.009919,New Inn Corona Virus Community Support,https://www.facebook.com/groups/2533872780158819/,VISIBLE,facebook group,,Gwent Police,http://www.gwent.police.uk/,New Inn,http://www.gwent.police.uk/nc/my-area/ward/TP/132/,pontypool@gwent.pnn.police.uk,4/2/2020 18:31:30,8e989f15-b792-49f8-9f95-322db76313a8,
Newport Pembrokeshire,52.015656,-4.834944,Newport Trefdraeth Corona virus help,https://www.facebook.com/groups/190760015690311/,VISIBLE,facebook group,,Dyfed-Powys Police,http://www.dyfed-powys.police.uk,"Crymych, St Dogmaels and Cilgerran",https://www.dyfed-powys.police.uk/en/your-area/pembrokeshire/crymych-st-dogmaels-and-cilgerran/,FishguardNPT@dyfed-powys.pnn.police.uk,27/03/2020 12:44:04,a94dd3d6-3f12-4f88-be21-58846bffdae8,2020-03-27
"Newport, South Wales",51.584151,-2.997664,Covid-19 mutual aid Newport group,https://www.facebook.com/groups/covid19newport,VISIBLE,facebook group,,Gwent Police,http://www.gwent.police.uk/,Stow Hill,http://www.gwent.police.uk/nc/my-area/ward/NC/106/,newportcitycentre@gwent.pnn.police.uk,18/03/2020 16:35:04,c71fe750-160c-4af5-8201-dc1739765b56,2020-03-18
"Newport, UK",51.584151,-2.997664,Little Helpers ,https://www.facebook.com/groups/1033525720366303,VISIBLE,facebook group,,Gwent Police,http://www.gwent.police.uk/,Stow Hill,http://www.gwent.police.uk/nc/my-area/ward/NC/106/,newportcitycentre@gwent.pnn.police.uk,4/4/2020 22:16:30,98610194-11e8-46ca-aed8-0e5690eca3f2,
"Newtown, Powys.",52.512112,-3.313106,Newtown Powys COVID-19 Mutual Aid,https://www.facebook.com/groups/671541386934532/,VISIBLE,facebook group,,Dyfed-Powys Police,http://www.dyfed-powys.police.uk,Newtown,https://www.dyfed-powys.police.uk/en/your-area/powys/newtown/newtown/,NewtownNPT@dyfed-powys.pnn.police.uk,15/03/2020 11:24:15,d055d8f6-0b2b-4566-8ef5-f3dcc32a41af,2020-03-15
"Neyland, Pembrokeshire, Wales",51.704948,-4.948318,Neyland Community Group,https://www.facebook.com/groups/291684121800143/,VISIBLE,facebook group,,Dyfed-Powys Police,http://www.dyfed-powys.police.uk,Milford Haven Rural,https://www.dyfed-powys.police.uk/en/your-area/pembrokeshire/milford-haven-rural/,MilfordHavenNPT@dyfed-powys.pnn.police.uk,25/03/2020 18:43:04,4bd1a756-e72b-4dff-b006-334ed688caf8,2020-03-25
North Wales ,53.0711149,-3.8080783,Covid 19 support Ewloe Hawarden and surrounding areas ,https://m.facebook.com/groups/234086787726824,VISIBLE,facebook group,,North Wales Police,,Betws-y-Coed,https://www.north-wales.police.uk/your-neighbourhood,,21/03/2020 21:32:54,b69af158-047f-492c-a12d-b58eedce970f,2020-03-21
"Overland Road, The Mumbles, Swansea",51.5725616,-4.0015211,Overland Road Support Group,https://www.facebook.com/groups/2592923680922293/,VISIBLE,facebook group,,South Wales Police,https://www.south-wales.police.uk,Oystermouth,https://www.south-wales.police.uk/en/neighbourhood/swansea/oystermouth/,,17/03/2020 10:47:40,6dd98e06-90a8-4e5e-9d50-749a95d43789,2020-03-17
"Overton, Penley, and South Wrexham",52.953762,-2.869917,South Wrexham Community Reponse: Covid-19,https://www.facebook.com/communitywellbeingservice/,VISIBLE,facebook group,,North Wales Police,,Overton,https://www.north-wales.police.uk/your-neighbourhood,,19/03/2020 16:23:52,dae298f3-d4c6-403f-8a5a-4ecff735096c,2020-03-19
"Oxtens, Coed Eva, Cwmbran NP44 4TP, UK",51.6383111,-3.0427797,Coed Eva Community - Covid 19 Support,https://www.facebook.com/groups/475764279184930/,VISIBLE,facebook group,,Gwent Police,http://www.gwent.police.uk/,Coed Eva,http://www.gwent.police.uk/nc/my-area/ward/TC/116/,cwmbran@gwent.pnn.police.uk,4/4/2020 8:56:15,6a2d96fc-734b-48ba-b836-d8af249c3eab,
"Pantydwr & St. Harmon and surrounding, Powys, Mid Wales",52.363217,-3.493398,Pantydwr & St. Harmon Covid-19 (Coronavirus) Support,https://www.facebook.com/groups/2795761487209038/,VISIBLE,facebook group,,Dyfed-Powys Police,http://www.dyfed-powys.police.uk,Rhayader,https://www.dyfed-powys.police.uk/en/your-area/powys/llandrindod-wells/rhayader/,RhayaderNPT@dyfed-powys.pnn.police.uk,16/03/2020 13:40:11,9a2ae137-de26-459a-835a-8243cb723026,2020-03-16
"Pembroke, Wales, UK",51.674043,-4.908637,Pembroke Needs You,https://www.facebook.com/groups/688508338555798/,VISIBLE,facebook group,,Dyfed-Powys Police,http://www.dyfed-powys.police.uk,Pembroke,https://www.dyfed-powys.police.uk/en/your-area/pembrokeshire/pembroke/,PembrokeDockNPT@dyfed-powys.pnn.police.uk,25/03/2020 18:42:24,6ed87563-47bf-4390-9467-fdd43927281c,2020-03-25
Penarth ,51.438798,-3.173507,Helping Hands ,https://m.facebook.com/groups/207933657118081,VISIBLE,facebook group,,South Wales Police,https://www.south-wales.police.uk,St. Augustine&amp;#8217;s (Penarth),https://www.south-wales.police.uk/en/neighbourhood/vale-of-glamorgan/st-augustines/,,27/03/2020 14:51:46,d2553917-ee52-4458-b18e-12d87e5b567d,2020-03-27
"Penclawdd, Swansea",51.6419,-4.100126,facebook.com/julia.okeeffe.731,https://www.facebook.com/julia.okeeffe.731/timeline,VISIBLE,facebook group,,South Wales Police,https://www.south-wales.police.uk,Penclawdd,https://www.south-wales.police.uk/en/neighbourhood/swansea/penclawdd/,,18/03/2020 12:47:41,cf71d605-9b6b-4e10-96f0-f87e77dfb775,2020-03-18
"Pencoed, South Wales CF35 ",51.521087,-3.49837,Pencoed Coronavirus Support Group,https://www.facebook.com/groups/894214391009594/about/,VISIBLE,facebook group,,South Wales Police,https://www.south-wales.police.uk,Felindre,https://www.south-wales.police.uk/en/neighbourhood/bridgend/felindre/,,16/03/2020 15:15:33,5b7bff53-faef-463e-a5b2-872fee405a0f,2020-03-16
"Peniel, Carmarthenshire",51.893999,-4.2751011,Cymorth Coronavirus Peniel,https://www.facebook.com/groups/1541237276042265/,VISIBLE,facebook group,,Dyfed-Powys Police,http://www.dyfed-powys.police.uk,Carmarthen,https://www.dyfed-powys.police.uk/en/your-area/carmarthenshire/carmarthen/,CarmarthenTownNPT@dyfed-powys.pnn.police.uk,27/03/2020 15:21:53,9f180798-759b-4f16-8afb-5faf77fe9a3e,2020-03-27
Penmachno,53.039249,-3.79964,Grŵp Cefnogi Penmachno Support Group (coronavirus),https://www.facebook.com/groups/penmachno.coronavirus/,VISIBLE,facebook group,,North Wales Police,,Uwch Conwy,https://www.north-wales.police.uk/your-neighbourhood,,17/03/2020 11:04:11,547530ef-aa90-4e87-abdb-1ad11b86b0ca,2020-03-17
"Penmaenmawr, Dwygyfylchi & Llanfairfechan, ",53.277707,-3.896686,Happy Helpers,https://www.facebook.com/groups/201798667713015/,VISIBLE,facebook group,,North Wales Police,,Capelulo,https://www.north-wales.police.uk/your-neighbourhood,,16/03/2020 14:33:36,c45d39cf-fc92-4203-8a93-f7cb732a8df1,2020-03-16
Penpedairheol South Wales ,51.6685147,-3.2410141,PENPEDAIRHEOL COVID-19 SELF ISOLATION HELP FOR THE VULNERABLE ,https://www.facebook.com/groups/577390389529582/,VISIBLE,facebook group,,Gwent Police,http://www.gwent.police.uk/,St Cattwg,http://www.gwent.police.uk/nc/my-area/ward/CB/5/,bargoed@gwent.pnn.police.uk,17/03/2020 13:15:59,b7adabfe-64da-4620-92fb-b08f1d423af4,2020-03-17
"Penrhyn Avenue, Bangor LL57 1LT, UK",53.2222082,-4.1172599,MaesG Coronavirus Supprt Group,https://www.facebook.com/maes-g-corona-virus-support-group-166216060559730/,VISIBLE,facebook group,,North Wales Police,,Marchog,https://www.north-wales.police.uk/your-neighbourhood,,3/30/2020 10:53:27,e9f27521-9e82-4962-afe2-aa2ce360efd2,2020-03-30
Pontyates Carmarthenshire Wales,51.754874,-4.220686,pontyates noticeboard,https://www.facebook.com/groups/pontyateshelp/,VISIBLE,facebook group,,Dyfed-Powys Police,http://www.dyfed-powys.police.uk,Llanelli Rural,https://www.dyfed-powys.police.uk/en/your-area/carmarthenshire/llanelli-rural/,LlanelliRuralNPT@Dyfed-powys.pnn.police.uk,20/03/2020 21:56:45,f1ec907e-1b37-436a-9db8-4530ee7f886f,2020-03-20
"Pontyclun, Rhondda Cynon Taf",51.521579,-3.393295,Love Spreads <3,https://www.facebook.com/groups/2993394010768817/,VISIBLE,facebook group,,South Wales Police,https://www.south-wales.police.uk,Pont-y-Clun,https://www.south-wales.police.uk/en/neighbourhood/rhondda-cynon-taf/pont-y-clun/,,16/03/2020 12:32:58,ce4f5bb1-de9e-4710-9009-c8d70433d332,2020-03-16
Pontypool Torfaen ,51.700369,-3.045268,Pontypool covid19  help group ,https://www.facebook.com/groups/562773531254475/,VISIBLE,facebook group,,Gwent Police,http://www.gwent.police.uk/,Brynwern,http://www.gwent.police.uk/nc/my-area/ward/TP/130/,pontypool@gwent.pnn.police.uk,16/03/2020 00:05:08,5b268edb-848b-4a50-b2bf-18fb6995ea4b,2020-03-16
"Pontypool, South Wales",51.700369,-3.045268,Pontypool Covid-19 Help Group,https://docs.google.com/forms/d/e/1faipqlsdjrgqhazomhdsjdg3nnye30ys7szel-apcrqh80d1g-iqrgq/viewform,HTTP 404,,,,,,,,18/03/2020 16:08:41,cbfca361-a464-4dfc-8e0d-3ee361aa0a2e,2020-03-18
Porth ,51.613554,-3.407184,Spectacle Theatre Ltd ,http://www.spectacletheatre.co.uk,VISIBLE,website,,South Wales Police,https://www.south-wales.police.uk,Porth,https://www.south-wales.police.uk/en/neighbourhood/rhondda-cynon-taf/porth/,,24/03/2020 12:21:26,952a5503-372d-42d5-8604-bfd637bf9d9c,2020-03-24
Porthcawl,51.478968,-3.705163,Porthcawl COVID 19 Strategy Group,https://porthcawlc19s.weebly.com,UPDATED,website,,South Wales Police,https://www.south-wales.police.uk,Porthcawl West,https://www.south-wales.police.uk/en/neighbourhood/bridgend/porthcawl-west/,,23/03/2020 19:28:45,c81b4c41-d39a-4cb6-92dc-1cf1481b9560,2020-03-23
Prestatyn,53.336512,-3.407613,Covid-19 Community Response - Prestatyn,https://www.facebook.com/groups/2716349328462604/,VISIBLE,facebook group,,North Wales Police,,Prestatyn North,https://www.north-wales.police.uk/your-neighbourhood,,18/03/2020 00:38:52,a1d66b0c-c0e0-455e-ab12-9888defd5e32,2020-03-18
Prestatyn and Rhyl ,53.319141,-3.491634,Prestatyn and Rhyl Covid-19 Mutual Aid Group,https://www.facebook.com/100004856688012/posts/1367828646722345/,URL BROKEN,facebook group,Not available.,North Wales Police,,Rhyl West,https://www.north-wales.police.uk/your-neighbourhood,,15/03/2020 14:21:00,83ebf783-172d-4ce9-921a-0c521e98f06d,2020-03-15
"Presteigne, UK",52.272031,-3.005157,Presteigne & Norton Coronavirus Community Response,https://www.facebook.com/presteigne-norton-community-covid-19-support-101948184783706/,VISIBLE,facebook group,,Dyfed-Powys Police,http://www.dyfed-powys.police.uk,Presteigne,https://www.dyfed-powys.police.uk/en/your-area/powys/llandrindod-wells/presteigne/,PresteigneNPT@dyfed-powys.pnn.police.uk,4/3/2020 12:41:30,5ada106c-8f98-4c93-b6d1-969708a2be08,
"R.c.t  Gilfach goch,  south wales",51.592092,-3.472872,Gilfach goch coronavirus help group,https://www.facebook.com/0778angie,VISIBLE,facebook group,,South Wales Police,https://www.south-wales.police.uk,Gilfach Goch,https://www.south-wales.police.uk/en/neighbourhood/rhondda-cynon-taf/gilfach-goch/,,27/03/2020 05:36:39,56ff85ec-f49d-4b16-906f-70fdbb6b6901,2020-03-27
Raglan,51.7647959,-2.852011,Raglan Covid-19 Assistance,https://m.facebook.com/groups/177251319141603,VISIBLE,facebook group,,Gwent Police,http://www.gwent.police.uk/,Raglan,http://www.gwent.police.uk/nc/my-area/ward/MU/93/,usk@gwent.pnn.police.uk,16/03/2020 00:28:35,6cd2af89-bb66-4d73-a9d1-b1dc70b8b9ef,2020-03-16
"Rhayader, Powys",52.301537,-3.510641,Rhayader Covid-19 Support Network,https://www.facebook.com/rhayader-covid-19-support-network-102898501351327/,VISIBLE,facebook group,,Dyfed-Powys Police,http://www.dyfed-powys.police.uk,Rhayader,https://www.dyfed-powys.police.uk/en/your-area/powys/llandrindod-wells/rhayader/,RhayaderNPT@dyfed-powys.pnn.police.uk,18/03/2020 12:59:42,fae45476-e0be-461c-bb5b-5dc3246a0f23,2020-03-18
Rhondda Cynon Taff RCT,51.6490207,-3.4288692,Stay Connected Telephone Befriending Network,https://www.facebook.com/mhmwales,VISIBLE,facebook group,,South Wales Police,https://www.south-wales.police.uk,Tylorstown,https://www.south-wales.police.uk/en/neighbourhood/rhondda-cynon-taf/tylorstown/,,26/03/2020 10:53:39,b1bf77e2-887e-41cb-b84e-a06f7486dd58,2020-03-26
"Rhoose, Vale of Glamorgan",51.388917,-3.349358,Rhoose Coronavirus Help,https://www.facebook.com/groups/214436179920021/,VISIBLE,facebook group,,South Wales Police,https://www.south-wales.police.uk,Rhoose,https://www.south-wales.police.uk/en/neighbourhood/vale-of-glamorgan/rhoose/,,18/03/2020 16:16:15,cd6967ed-e424-443a-b70d-fff7b6da906c,2020-03-18
Rhydargaeau. Carmarthenshire,51.914036,-4.271373,Cymorth/Help Coronavirus Rhydargaeau,https://www.facebook.com/groups/1059737241056360/,VISIBLE,facebook group,,Dyfed-Powys Police,http://www.dyfed-powys.police.uk,Carmarthen,https://www.dyfed-powys.police.uk/en/your-area/carmarthenshire/carmarthen/,CarmarthenTownNPT@dyfed-powys.pnn.police.uk,27/03/2020 15:21:06,627e0e34-c226-4f77-9c8e-2286e63b6d02,2020-03-27
"Rhyl, Denbighshire ",53.319141,-3.491634,Covid 19 Bruton Park& surrounding areas community support group ,https://www.facebook.com/search/top/,URL BROKEN,facebook group,,North Wales Police,,Rhyl West,https://www.north-wales.police.uk/your-neighbourhood,,21/03/2020 16:21:47,c815ccc1-3712-4020-ab2f-92041118a533,2020-03-21
"Riverside, Cardiff",51.4846534,-3.1978334,Riverside Covid-19 Mutual Aid Group,https://www.facebook.com/groups/516781909027928/,VISIBLE,facebook group,,South Wales Police,https://www.south-wales.police.uk,Riverside and Pontcanna,https://www.south-wales.police.uk/en/neighbourhood/cardiff/riverside/,,16/03/2020 07:51:41,944e5783-3894-4fda-b76a-fbc854e2d240,2020-03-16
"Rogiet, Monmouthshire",51.588512,-2.779497,Rogiet Coronavirus (Covid 19) Community Support Group,https://www.facebook.com/groups/566241517580215/permalink/566243767579990/,VISIBLE,facebook group,,Gwent Police,http://www.gwent.police.uk/,Rogiet,http://www.gwent.police.uk/nc/my-area/ward/MS/84/,severnside@gwent.pnn.police.uk,22/03/2020 01:24:22,f5fac33d-6b36-48f9-be1b-b4e3a1cc5840,2020-03-22
Rossett & Burton,53.1093534,-2.9724496,Rossett & Burton Mutual Aid,https://www.facebook.com/groups/127968321335022/,VISIBLE,facebook group,,North Wales Police,,Rossett,https://www.north-wales.police.uk/your-neighbourhood,,17/03/2020 11:31:57,57d3c61d-3b0e-4a9c-899f-e1dce5dec87a,2020-03-17
SA1 5SW,51.6202767,-3.9517475,The Gathering Place,https://www.facebook.com/thegatheringplaceuk/,VISIBLE,facebook group,,South Wales Police,https://www.south-wales.police.uk,Castle,https://www.south-wales.police.uk/en/neighbourhood/swansea/castle/,,25/03/2020 13:45:20,4c7af6c8-3e31-49e5-af7d-fc378b27560b,2020-03-25
SA62 6SR,51.8819435,-5.2613841,Covid-19 Mutual Aid UK St Davids and surrounding areas,https://www.facebook.com/groups/228724638172201/228724644838867/,VISIBLE,facebook group,,Dyfed-Powys Police,http://www.dyfed-powys.police.uk,Haverfordwest Rural,https://www.dyfed-powys.police.uk/en/your-area/pembrokeshire/haverfordwest-rural/,HaverfordwestNPT@dyfed-powys.pnn.police.uk,16/03/2020 19:26:18,d76f2aec-5da3-4e63-be7e-5edaf2fc427d,2020-03-16
South Wales,51.6858341,-3.3821421,CoronaVirus South Wales,https://www.facebook.com/groups/coronavirussouthwales/,VISIBLE,facebook group,,South Wales Police,https://www.south-wales.police.uk,Mountain Ash West,https://www.south-wales.police.uk/en/neighbourhood/rhondda-cynon-taf/mountain-ash-west/,,14/03/2020 19:14:22,f28777b0-18bf-435b-b637-f47083651918,2020-03-14
Splott/ Adamsdown (Cardiff),51.4843953,-3.1587793,Splott/ Adamsdown Covid 19 Mutual Aid ,https://www.facebook.com/groups/633534294092813/,VISIBLE,facebook group,,South Wales Police,https://www.south-wales.police.uk,Adamsdown,https://www.south-wales.police.uk/en/neighbourhood/cardiff/adamsdown/,,16/03/2020 09:43:16,a78a00f8-e07d-4530-852d-4aff281cdec3,2020-03-16
St Brides Major CF32 0SH,51.46324,-3.5971713,Helping Hands St Brides Major,https://www.facebook.com/groups/153075902516684,VISIBLE,facebook group,,South Wales Police,https://www.south-wales.police.uk,St. Bride&amp;#8217;s Major,https://www.south-wales.police.uk/en/neighbourhood/vale-of-glamorgan/st-brides-major/,,24/03/2020 11:24:05,bc189433-242e-4980-acd1-8bb064439f8e,2020-03-24
"St Hilary, Vale of Glamorgan",51.449203,-3.416236,St Hilary Support Group,https://www.facebook.com/groups/sthilary/,VISIBLE,facebook group,,South Wales Police,https://www.south-wales.police.uk,Cowbridge,https://www.south-wales.police.uk/en/neighbourhood/vale-of-glamorgan/cowbridge/,,21/03/2020 08:23:47,d5539f13-0379-4dbf-b1c3-4a4d8d14c06b,2020-03-21
Swansea,51.62144,-3.943646,Swansea Covid 19 support group,https://www.facebook.com/groups/1110458535954111/,VISIBLE,facebook group,,South Wales Police,https://www.south-wales.police.uk,Castle,https://www.south-wales.police.uk/en/neighbourhood/swansea/castle/,,14/03/2020 19:15:42,d096cffb-5d52-4b6c-bc76-ed2b3fcc2bfb,2020-03-14
Swansea,51.62144,-3.943646,Swansea Isolation Activity Packs,https://www.facebook.com/swanseaactivitypacks/,VISIBLE,facebook group,Fun!,South Wales Police,https://www.south-wales.police.uk,Castle,https://www.south-wales.police.uk/en/neighbourhood/swansea/castle/,,27/03/2020 17:18:12,b4a0c051-fa98-41f7-911c-196fb51e9abb,2020-03-27
"Swansea SA4, UK",51.6878379,-4.0424796,Three Crosses Mutual Aid Group,http://threecrosses.org.uk,VISIBLE,website,,South Wales Police,https://www.south-wales.police.uk,Penyrheol,https://www.south-wales.police.uk/en/neighbourhood/swansea/penyrheol/,,4/6/2020 6:35:39,db5eeff3-0b79-430b-80c1-92fd1dfcefd6,2020-04-06
"Swansea SA7 9LA, UK",51.650959,-3.9139998,Paul Popham Fund: Renal Support Wales,http://www.paulpophamfund.co.uk,HTTP FAIL,,,,,,,,3/31/2020 10:19:32,91488787-b8a0-4241-9af8-0d6c2a2f3998,2020-03-31
"Tabernacle Street, Buckley CH7 2JT, UK",53.1676456,-3.0818647,Buckley Emergency Response Group,http://www.facebook.com/the,NOT GROUP,facebook group,,North Wales Police,,Buckley Bistre West,https://www.north-wales.police.uk/your-neighbourhood,,4/2/2020 3:48:56,f0bda6e2-b692-487a-8bd4-3b773d071734,
"Tabernacle Street, Buckley CH7 2JT, UK",53.1676456,-3.0818647,Buckley Emergency Response Team,https://www.facebook.com/groups/883174221802686/,VISIBLE,facebook group,,North Wales Police,,Buckley Bistre West,https://www.north-wales.police.uk/your-neighbourhood,,4/2/2020 3:52:49,4931beb2-af39-4dde-a7b5-8bd5e6446c4a,
Taff's well village hall ,51.5432631,-3.268255,Covid 19 help and support Taffs Well and nantgarw,https://www.facebook.com/covid-19-help-and-support-taffs-well-and-nantgarw-106246037675442/,VISIBLE,facebook group,,South Wales Police,https://www.south-wales.police.uk,Taffs Well,https://www.south-wales.police.uk/en/neighbourhood/rhondda-cynon-taf/taffs-well/,,24/03/2020 22:20:59,15955157-135d-41fc-8bf4-260f0c79cb09,2020-03-24
"Talybont & Llandygai, Gwynedd, Wales",53.214982,-4.090938,Grŵp Cefnogi CORONAVIRUS Talybont-Llandygai Support Group,https://www.facebook.com/groups/606483796601986/,VISIBLE,facebook group,,North Wales Police,,Arllechwedd,https://www.north-wales.police.uk/your-neighbourhood,,18/03/2020 23:37:37,8b75c26b-71ba-47d5-96ac-a88ea8c1efa9,2020-03-18
"Thornhill, Cardiff CF14",51.5426906,-3.1919796,Thornhill Covid-19 - Mutual Aid,https://www.facebook.com/groups/597715667480516/,VISIBLE,facebook group,,South Wales Police,https://www.south-wales.police.uk,Llanishen,https://www.south-wales.police.uk/en/neighbourhood/cardiff/llanishen/,,20/03/2020 09:47:19,27ca6f05-85c9-4d61-b2cf-6b9ff3664636,2020-03-20
"Tircoed, Swansea ",51.68348,-3.996853,Tircoed Covid-19 Community Support Group,https://www.facebook.com/groups/215980296162269/,VISIBLE,facebook group,,South Wales Police,https://www.south-wales.police.uk,Llangyfelach,https://www.south-wales.police.uk/en/neighbourhood/swansea/llangyfelach/,,24/03/2020 07:51:23,26ee5114-351c-43b2-a21d-afdacce84622,2020-03-24
Tonteg/Church Village/ Llantwit Fadre,51.5710989,-3.312396,Salem Chapel Foodbank Delivery and Support,https://salemtonteg.wordpress.com/,VISIBLE,website,,South Wales Police,https://www.south-wales.police.uk,Ton-Teg,https://www.south-wales.police.uk/en/neighbourhood/rhondda-cynon-taf/ton-teg/,,25/03/2020 16:23:42,dae0b687-19c4-49cf-b27b-3ca70bac2612,2020-03-25
Tremorfa & Pengam Green (Cardiff),51.488888,-3.131463,Tremorfa / Pengam Green COVID-19 Mutual Aid Group,https://www.facebook.com/groups/tremorfapengamgreen/,VISIBLE,facebook group,,South Wales Police,https://www.south-wales.police.uk,Splott,https://www.south-wales.police.uk/en/neighbourhood/cardiff/splott/,,20/03/2020 18:58:40,06cd2fdb-74da-4c8b-85b6-ed258e47f411,2020-03-20
"Trethomas, Caerphilly CF83 8FL, UK",51.5920855,-3.1849096,The BMMR Parish Trust CARE Project,https://bmmr.church/coronavirus,VISIBLE,website,,Gwent Police,http://www.gwent.police.uk/,"Bedwas, Trethomas &amp; Machen",http://www.gwent.police.uk/nc/my-area/ward/CE/15/,bedwas@gwent.pnn.police.uk,4/4/2020 7:26:03,baf9ca5c-6d92-4eac-8a94-1c8ba4dd5aea,
Ty'n-y-Groes,53.227759,-3.8381151,Ty'n-y-Groes COVID-19 Support Group,https://www.facebook.com/groups/503484756992228/,VISIBLE,facebook group,,North Wales Police,,Caerhun,https://www.north-wales.police.uk/your-neighbourhood,,15/03/2020 13:59:17,27985e10-989f-419d-b199-ce2ceab591ad,2020-03-15
"Tywyn and District, Gwynedd, Wales",52.587006,-4.087249,Tywyn and District Corona Support,https://www.facebook.com/tywyncoronasupport/,VISIBLE,facebook group,,North Wales Police,,Tywyn,https://www.north-wales.police.uk/your-neighbourhood,,17/03/2020 09:56:32,6ea5f83d-a0de-462b-ad93-9a42e4d440a7,2020-03-17
"Usk, Wales ",51.703533,-2.903404,Usk area coronavirus help and support  ,https://www.facebook.com/groups/224082088966427/,VISIBLE,facebook group,,Gwent Police,http://www.gwent.police.uk/,Usk,http://www.gwent.police.uk/nc/my-area/ward/MU/94/,usk@gwent.pnn.police.uk,16/03/2020 16:22:53,427ff024-583a-45c8-b52f-45c6b6c600ce,2020-03-16
Vale of Glamorgan cf32 0pz,51.4617182,-3.6305964,Helping Hands Ogmore-by-Sea,https://www.facebook.com/groups/141281007210984/,VISIBLE,facebook group,,South Wales Police,https://www.south-wales.police.uk,St. Bride&amp;#8217;s Major,https://www.south-wales.police.uk/en/neighbourhood/vale-of-glamorgan/st-brides-major/,,24/03/2020 11:23:19,42452bc7-d93e-45fa-b97d-c73736e1b180,2020-03-24
"Wales, Benllech, LL74 8SY + 8SU",53.330002,-4.2310361,Benllech 8SY and 8SU,https://www.facebook.com/groups/880080229104282/,VISIBLE,facebook group,,North Wales Police,,Brynteg,https://www.north-wales.police.uk/your-neighbourhood,,27/03/2020 18:25:55,fba31d92-7597-40d2-8fc8-95f6f0f5f952,2020-03-27
"Woodland Road, Croesyceiliog, Cwmbran NP44 2DZ, UK",51.6580418,-3.01069,Croesyceiliog & Llanyrafon Support Group,https://www.facebook.com/groups/211440669330816/,VISIBLE,facebook group,,Gwent Police,http://www.gwent.police.uk/,Croesyceiliog South,http://www.gwent.police.uk/nc/my-area/ward/TC/118/,cwmbran@gwent.pnn.police.uk,4/2/2020 13:35:30,3f4fab32-d808-4dff-b9f1-9ccf3435dfd5,
Wr3xham,53.04304,-2.992494,Covid 19 Overton and surrounding areas,https://www.facebook.com/groups/201895507736999/,VISIBLE,facebook group,,North Wales Police,,Offa,https://www.north-wales.police.uk/your-neighbourhood,,16/03/2020 14:28:45,f7d93b87-600a-4eea-835f-865531081bc4,2020-03-16
Wrexham,53.04304,-2.992494,"Covid19 Penley, Overton on Dee rural areas",https://www.facebook.com/groups/20189550773699,VISIBLE,facebook group,,North Wales Police,,Offa,https://www.north-wales.police.uk/your-neighbourhood,,14/03/2020 20:14:22,c6f0aeff-3d4f-4511-8c6e-3007ceca967d,2020-03-14
Wrexham Hightown,53.0397148,-2.9870649,Covid-19 Hightown Wrexham,https://www.facebook.com/groups/206264707474685/,VISIBLE,facebook group,,North Wales Police,,Hermitage,https://www.north-wales.police.uk/your-neighbourhood,,18/03/2020 23:30:10,114aa381-148d-432c-869d-c1ee715f91d2,2020-03-18
Ystalyfera and Ystradgynlais neath port talbot ,51.762364,-3.791996,YSTALYFERA and ystradgynlais covid-19 aid group,https://www.facebook.com/groups/499637640924566/,VISIBLE,facebook group,,South Wales Police,https://www.south-wales.police.uk,Ystalyfera,https://www.south-wales.police.uk/en/neighbourhood/neath-port-talbot/ystalyfera/,,16/03/2020 12:14:56,60a9714a-e042-45ae-aced-5efb6cdf1eb7,2020-03-16
"Penally, Tenby, UK",51.672738,-4.703579,Penally Ward Covid-19 support,https://facebook.com,NOT LOCAL,,,,,,,,4/8/2020 12:35:47,cee37851-a77e-4fc0-bde9-96e0555c8762,2020-04-08
"Dulais Road, Pontarddulais, Swansea SA4 8PA, UK",51.714956,-4.037645,Pontarddulais Community Response to Coronavirus - Covid-19,https://www.facebook.com/pontarddulais-community-response-to-coronavirus-covid-19-103423331296995/,NOT GROUP,facebook group,,South Wales Police,https://www.south-wales.police.uk,Pontardulais,https://www.south-wales.police.uk/en/neighbourhood/swansea/pontardulais/,,4/8/2020 16:14:38,02e8795b-f5ba-45eb-a9de-cf7f271628dd,2020-04-08
"Shirenewton, Chepstow, UK",51.6391282,-2.7545906,MESh Covid 19 Support Group,https://www.facebook.com/groups/202396024354255/,VISIBLE,facebook group,,Gwent Police,http://www.gwent.police.uk/,Shirenewton,http://www.gwent.police.uk/nc/my-area/ward/ML/65/,lowerwye@gwent.pnn.police.uk,4/8/2020 19:53:45,b783d24f-d17c-4fa6-bc7a-a94eb8d3cd2c,2020-04-08
Blaenau Gwent,51.7875779,-3.2043931,Blaenau Gwent council hub,info@blaenau-gwent.gov.uk,VISIBLE,council,Tel: 01495 311556; Email: https://www.blaenau-gwent.gov.uk/en/resident/emergencies-crime-prevention/local-help-support-covid-19/,Gwent Police,http://www.gwent.police.uk/,Badminton,http://www.gwent.police.uk/nc/my-area/ward/GE/41/,ebbwvale@gwent.pnn.police.uk,13/05/2020 00:12:30,995f3a73-b371-4a9d-be0e-3c8a4ab77551,
Bridgend,51.504286,-3.576945,Bridgend council hub,https://www.bridgend.gov.uk/,VISIBLE,council,Tel: 01656 643643; Email: https://www.bridgend.gov.uk/news/letter-to-residents-on-coronavirus/,South Wales Police,https://www.south-wales.police.uk,Oldcastle,https://www.south-wales.police.uk/en/neighbourhood/bridgend/oldcastle/,,13/05/2020 00:12:40,ba16354e-f5ba-4974-a8e0-bd9542220f40,
Caerphilly,51.578829,-3.218134,Caerphilly council hub,https://www.caerphilly.gov.uk/,VISIBLE,council,Tel: 01443 815588; Email: https://www.caerphilly.gov.uk/Services/Health-and-wellbeing/Coronavirus/Support-for-communities,Gwent Police,http://www.gwent.police.uk/,Morgan Jones,http://www.gwent.police.uk/nc/my-area/ward/CC/7/,caerphilly@gwent.pnn.police.uk,13/05/2020 00:12:49,6b220c75-af5d-4ba7-86b8-b5a7781ae17a,
Cardiff,51.481581,-3.17909,Cardiff council hub,advicehub@cardiff.gov.uk,VISIBLE,council,Tel: 029 2087 1071; Email: https://www.volunteercardiff.co.uk/volunteering/volunteering-opportunities/,South Wales Police,https://www.south-wales.police.uk,Cathays,https://www.south-wales.police.uk/en/neighbourhood/cardiff/cathays/,,13/05/2020 00:12:55,8d7d9c18-3fb5-4fdf-981f-5090f077c397,
Carmarthenshire,51.8572309,-4.3115959,Carmarthenshire council hub,https://www.carmarthenshire.gov.wales/,VISIBLE,council,Tel: 01267 234567; Email: http://newsroom.carmarthenshire.gov.wales/2020/02/coronavirus-covid-19-guidance/#.XoNBR4hKguU,Dyfed-Powys Police,http://www.dyfed-powys.police.uk,Carmarthen,https://www.dyfed-powys.police.uk/en/your-area/carmarthenshire/carmarthen/,CarmarthenTownNPT@dyfed-powys.pnn.police.uk,13/05/2020 00:12:56,ba886f55-db9a-4c06-92b3-1f23fa746580,
Ceredigion,52.2191429,-3.9321256,Ceredigion council hub,clic@ceredigion.gov.uk,VISIBLE,council,Tel: 01545 570881; Email: https://www.ceredigion.gov.uk/resident/,Dyfed-Powys Police,http://www.dyfed-powys.police.uk,Tregaron,https://www.dyfed-powys.police.uk/en/your-area/ceredigion/tregaron/,LampeterNPT@dyfed-powys.pnn.police.uk,13/05/2020 00:13:00,526aec57-bcec-483c-9434-d4fdef55b92c,
Conwy,53.282872,-3.82948,Conwy council hub,https://www.conwy.gov.uk/,VISIBLE,council,Tel: 01492 575544; Email: http://www.conwy.gov.uk/en/Spotlight/Whats-New/Pages/Self-isolating-and-need-help-%E2%80%93-find-out-what's-available-in-your-community.aspx,North Wales Police,,Conwy,https://www.north-wales.police.uk/your-neighbourhood,,13/05/2020 00:13:10,a14b2a42-354b-4f2d-b5ba-9c86dca1f829,
Denbighshire,53.1842288,-3.4224985,Denbighshire council hub,https://www.denbighshire.gov.uk/,VISIBLE,council,Tel: 01824 706000; Email: https://www.denbighshire.gov.uk/en/resident/community-and-living/community-planning/community-resources/community-resources.aspx,North Wales Police,,Denbigh Upper/Henllan,https://www.north-wales.police.uk/your-neighbourhood,,13/05/2020 00:13:19,f5cfdd9f-f761-4f14-9a9b-d5fd48800135,
Flintshire,53.1668658,-3.1418908,Flintshire council hub,https://www.flintshire.gov.uk/,VISIBLE,council,Tel: 01352 752121 ,North Wales Police,,Mold Broncoed,https://www.north-wales.police.uk/your-neighbourhood,,13/05/2020 00:13:53,1cbad201-f9ef-4f96-ab7a-d370bed7b385,
Gwynedd,52.9277266,-4.1334836,Gwynedd council hub,https://www.gwynedd.gov.uk/,VISIBLE,council,Tel: 01766 771000; Email: https://www.gwynedd.llyw.cymru/en/Residents/Emergencies/Helping-people-and-communities.aspx,North Wales Police,,Porthmadog West,https://www.north-wales.police.uk/your-neighbourhood,,13/05/2020 00:14:00,e1ebbd06-b501-4206-8fca-e7f72ced1b1e,
Isle of Anglesey,53.265325,-4.4291403,Isle of Anglesey council hub,https://www.anglesey.gov.uk/,VISIBLE,council,Tel: 01248 750057; Email: https://www.anglesey.gov.uk/en/Residents/Emergencies/Covid-19-Coronavirus-information.aspx#,North Wales Police,,Bryngwran,https://www.north-wales.police.uk/your-neighbourhood,,13/05/2020 00:14:23,3ee7e89c-1a4b-420b-abdf-78dbe5eddac7,
Merthyr Tydfil,51.74873,-3.381646,Merthyr Tydfil council hub,customer.care@merthyr.gov.uk,VISIBLE,council,Tel: 01685 725000; Email: https://www.merthyr.gov.uk/resident/coronavirus/,South Wales Police,https://www.south-wales.police.uk,Park,https://www.south-wales.police.uk/en/neighbourhood/merthyr-tydfil/park/,,13/05/2020 00:14:57,cafa2b4e-3d36-4f7e-abc9-35421e92e890,
Monmouthshire,51.81161,-2.7163417,Monmouthshire council hub,contact@monmouthshire.gov.uk,VISIBLE,council,Tel: 01633 644644; Email: https://www.monmouthshire.gov.uk/community-2/,Gwent Police,http://www.gwent.police.uk/,Drybridge,http://www.gwent.police.uk/nc/my-area/ward/MM/72/,monmouth@gwent.pnn.police.uk,13/05/2020 00:15:09,337b7c12-353e-4538-bd46-15be533e8fe2,
Neath Port Talbot,51.691743,-3.7346728,Neath Port Talbot council hub,https://www.neath-porttalbot.gov.uk/,VISIBLE,council,Tel: 01639 686868; Email: https://www.npt.gov.uk/22404,South Wales Police,https://www.south-wales.police.uk,Resolven,https://www.south-wales.police.uk/en/neighbourhood/neath-port-talbot/resolven/,,13/05/2020 00:15:13,de3fe09b-f8ce-46f6-b720-422e00eb4788,
Newport,51.584151,-2.997664,Newport council hub,info@newport.gov.uk,VISIBLE,council,Tel: 08000 223 444; Email: https://www.newport.gov.uk/en/Council-Democracy/Coronavirus-COVID-19.aspx,Gwent Police,http://www.gwent.police.uk/,Stow Hill,http://www.gwent.police.uk/nc/my-area/ward/NC/106/,newportcitycentre@gwent.pnn.police.uk,13/05/2020 00:15:18,5f6d958e-861a-4af1-901f-62206b7ef6dc,
Pembrokeshire,51.674078,-4.9088785,Pembrokeshire council hub,communitycovid19@pembrokeshire.gov.uk,VISIBLE,council,Tel: 01437 776301; Email: https://www.pembrokeshire.gov.uk/coronavirus-covid-19-community-information/i-need-some-help,Dyfed-Powys Police,http://www.dyfed-powys.police.uk,Pembroke,https://www.dyfed-powys.police.uk/en/your-area/pembrokeshire/pembroke/,PembrokeDockNPT@dyfed-powys.pnn.police.uk,13/05/2020 00:15:44,25458022-2a26-4497-8a8a-e3f2528a6750,
Powys,52.6464249,-3.3260904,Powys council hub,community.connectors@pavo.org.uk,VISIBLE,council,Tel: 01597 828649; Email: https://en.powys.gov.uk/article/8767/Coronavirus-COVID-19-daily-update,Dyfed-Powys Police,http://www.dyfed-powys.police.uk,Llanfair Caereinion,https://www.dyfed-powys.police.uk/en/your-area/powys/welshpool/llanfair-caereinion/,LlanfyllinNPT@dyfed-powys.pnn.police.uk,13/05/2020 00:15:51,601c0895-d4b9-40bf-ab83-dd014a987b0c,
Rhondda Cynon Taf,51.6490207,-3.4288692,Rhondda Cynon Taf council hub,https://www.rctcbc.gov.uk/,VISIBLE,council,Tel: 01443 425020; Email: https://www.rctcbc.gov.uk/EN/GetInvolved/Campaigns/NeighboursNeedYou/YourNeighboursNeedYou%E2%80%93CoronavirusAdvice.aspx,South Wales Police,https://www.south-wales.police.uk,Tylorstown,https://www.south-wales.police.uk/en/neighbourhood/rhondda-cynon-taf/tylorstown/,,13/05/2020 00:15:58,c4d4a72d-9786-4455-bcc7-f669d3a8774d,
Swansea,51.62144,-3.943646,Swansea council hub,covid19@scvs.org.uk,VISIBLE,council,Tel: 01792 544000; Email: https://www.swansea.gov.uk/coronavirusadvice,South Wales Police,https://www.south-wales.police.uk,Castle,https://www.south-wales.police.uk/en/neighbourhood/swansea/castle/,,13/05/2020 00:16:47,72cafe3d-1dce-407a-9859-2a54066d74a7,
Torfaen,51.7002253,-3.0446015,Torfaen council hub,your.call@torfaen.gov.uk,VISIBLE,council,Tel: 01495 762200; Email: https://www.torfaen.gov.uk/en/AboutTheCouncil/Homepage-Stories/COVID-19-Coronavirus.aspx,Gwent Police,http://www.gwent.police.uk/,Brynwern,http://www.gwent.police.uk/nc/my-area/ward/TP/130/,pontypool@gwent.pnn.police.uk,13/05/2020 00:16:56,c0ab3cab-5975-4fab-a159-f96bb399c767,
Vale of Glamorgan,51.4095958,-3.4848167,Vale of Glamorgan council hub,https://www.valeofglamorgan.gov.uk/,VISIBLE,council,Tel: 01446 729592; Email: https://www.valeofglamorgan.gov.uk/en/our_council/press_and_communications/latest_news/2020/March/Coronavirus-Updates-2020.aspx,South Wales Police,https://www.south-wales.police.uk,Llantwit Major,https://www.south-wales.police.uk/en/neighbourhood/vale-of-glamorgan/llantwit-major/,,13/05/2020 00:17:00,6190db82-1c51-464c-b50b-1b6dcfd7b323,
Wrexham,53.04304,-2.992494,Wrexham council hub,info@avow.org,VISIBLE,council,Tel: 01978 312556; Email: https://avow.org/2020/03/25/open-message-to-all-voluntary-and-community-response-to-coronavirus-from-avow/,North Wales Police,,Offa,https://www.north-wales.police.uk/your-neighbourhood,,13/05/2020 00:17:27,8bfc66d7-22c1-4b64-9e39-bd386591c40f,
